city,text_test,test_value,latitude,longitude
Zaragoza,Positivo fuerte,100,41.649415,-0.903916
Almeria,Positivo,50,37.35860967593699,-2.2993945829155042
Cadiz,Positivo,50,36.3821256726379,-6.1615616722578865
Cadiz,Positivo fuerte,100,36.3821256726379,-6.1615616722578865
Huelva,Positivo,50,37.26032723619983,-6.949449779036823
Huelva,Positivo,50,37.2620676,-6.9555877
Granada,Positivo,50,36.734508952902466,-3.6927693770283336
A Coruña,Positivo,50,43.35475087040772,-8.25440908441421
Huelva,Positivo,50,37.2620676,-6.9555877
Illes Balears,Positivo fuerte,100,39.82617655070801,3.115764744026869
Sevilla,Positivo,50,37.4668666,-5.6486538
Huelva,Positivo,50,37.4465988048394,-7.104240002758274
Castell,Positivo,50,40.05048474670881,0.06751030093223613
Barcelona,Positivo,50,41.377426,2.0862226
Cadiz,Positivo fuerte,100,36.38219817878872,-6.161630859503965
Huelva,Positivo,50,37.2053733,-7.2186884
Zaragoza,Positivo,50,41.6494596,-0.9038445
Girona,Positivo,50,42.28995,3.27527
Girona,Positivo,50,42.28995,3.27527
Malaga,Positivo,50,36.48525514010655,-4.990726766131534
Alicante,Positivo,50,38.2439308,-0.8119229
Alicante,Positivo,50,38.2439308,-0.8119229
Huelva,Positivo,50,37.2620676,-6.9555877
Huelva,Positivo,50,37.2620676,-6.9555877
Barcelona,Positivo,50,41.377294,2.0862384
Sevilla,Positivo,50,37.4105401,-5.9181605
Cadiz,Positivo fuerte,100,36.38214569961364,-6.161562577479066
Alicante,Positivo,50,38.257815,-0.7278901
Illes Balears,Positivo,50,38.8935123,1.398194
Huelva,Positivo,50,37.2053733,-7.2186884
Sevilla,Positivo,50,37.33700939685507,-6.037693238393661
Las Palmas,Positivo fuerte,100,27.991612127515065,-15.495409300109348
Alicante,Positivo,50,38.2439308,-0.8119229
Huelva,Positivo,50,37.4465731796226,-7.104239966528728
Sevilla,Positivo,50,37.166259,-5.9331388
Zaragoza,Positivo,50,41.5902577,-0.9288907
Zaragoza,Positivo,50,41.6498635,-0.9058459
Zaragoza,Positivo,50,41.6495791,-0.9037579
Cadiz,Positivo,50,36.6888425,-6.1349243
Toledo,Positivo,50,39.9660642,-4.8268505
Huelva,Positivo,50,37.2620796,-6.9557055
Cadiz,Positive,50,36.382172491038766,-6.161572825518889
Cadiz,Positive,50,36.382168430581146,-6.16161983475382
Tarragona,Positive,50,40.62335364485056,0.5900946173165014
Huelva,StrongPositive,100,37.2697178,-7.0271553
Badajoz,Positive,50,38.91288379795302,-6.3338951704431405
Tarragona,StrongPositive,100,40.62336518040756,0.5901484454103304
Cadiz,Positive,50,36.1492913,-5.4612896
Santa Cruz de Tenerife,Positive,50,28.0457934,-16.6336401
Santa Cruz de Tenerife,Positive,50,28.4771879,-16.301035
Illes Balears,StrongPositive,100,38.893476384939895,1.3982645137315641
Badajoz,StrongPositive,100,38.92753734630592,-6.347918726155523
Madrid,Positive,50,40.699635472918935,-3.935227037805264
Santa Cruz de Tenerife,StrongPositive,100,28.480476872019445,-16.43288626300211
Huelva,Positive,50,37.44655970123939,-7.104292193411608
Alicante,Positive,50,38.6375481,-0.8705362
Cadiz,StrongPositive,100,36.38213619401339,-6.161640426043654
Zaragoza,Positive,50,41.6494932,-0.9038639
Cadiz,Positive,50,36.138497,-5.4562882
Soria,Positive,50,41.7704272,-2.4770196
Sevilla,Positive,50,36.92151215490223,-6.071287864788295
Valencia,Positive,50,39.4928638,-0.6815187
Granada,Positive,50,36.7340272,-3.7041981
Córdoba,Positive,50,37.58087333685869,-4.7483008375262745
Zaragoza,Positive,50,41.644868333333335,-0.8882216666666667
Badajoz,Positive,50,38.912826306143145,-6.333960520413439
Illes Balears,Positive,50,39.826147530087376,3.1158352626688464
Cadiz,StrongPositive,100,36.38213449003881,-6.161643330762349
Las Palmas,Positive,50,28.075967,-15.4752238
Badajoz,Positive,50,38.90673290929053,-6.6103509077583515
Badajoz,Positive,50,38.906733476348556,-6.610340614617927
Barcelona,Positive,50,41.3772756,2.0862783
Jaen,Positive,50,37.459796462509914,-3.923134665212082
Madrid,Positive,50,40.02720995056295,-3.60681715305878
Alicante,Positive,50,38.6375406,-0.8705065
Murcia,Positive,50,38.1194036,-1.3067809
Cadiz,Positive,50,36.19512201414592,-5.919008592886784
Barcelona,Positive,50,41.3772785,2.0862537
La Rioja,StrongPositive,100,42.4607582,-2.4600674
Sevilla,Positive,50,37.3129914,-6.1037745
Badajoz,StrongPositive,100,38.906730794840186,-6.610307830930897
Sevilla,Positive,50,37.4038072,-5.9818448
La Rioja,Positive,50,42.4607734,-2.4600118
Sevilla,Positive,50,37.4038471,-5.9818444
Almeria,Positive,50,37.38563928319384,-2.1478146451653766
Las Palmas,Positive,50,27.9270213,-15.4247099
Cadiz,Positive,50,36.382225592478505,-6.16164324526283
Granada,StrongPositive,100,37.29818032817169,-3.1294568263659084
Murcia,Positive,50,38.10393345489776,-1.8658297149404166
Huelva,Positive,50,37.27824831671715,-6.937708682546716
Badajoz,Positive,50,38.9579526,-5.8713131
Madrid,Positive,50,40.4488114,-3.739093
Cadiz,Positive,50,36.38217546451571,-6.161612873541086
Madrid,Positive,50,40.4275705,-3.6099148
Madrid,Positive,50,40.4275783,-3.6099122
Alicante,Positive,50,38.2706619,-0.7125897
Cadiz,Positive,50,36.38217546451571,-6.161612873541086
Cadiz,StrongPositive,100,36.5956348,-6.2434556
Cadiz,Positive,50,36.38217546451571,-6.161612873541086
Sevilla,Positive,50,36.92148404662111,-6.071324848618522
Huelva,Positive,50,37.2055593,-7.2188966
Alicante,StrongPositive,100,38.6318521,-0.8668166
Huelva,StrongPositive,100,37.575346,-6.7625223
Girona,Positive,50,42.2900175,3.2751888
Barcelona,Positive,50,41.377296,2.0862858
Barcelona,Positive,50,41.3773276,2.0862656
Granada,Positive,50,36.747864288815904,-3.6120542533585045
Jaen,StrongPositive,100,38.18371697267436,-3.3187163275529024
Barcelona,StrongPositive,100,41.3911367,2.1840601
Madrid,Positive,50,40.4107724,-3.710445
Cadiz,StrongPositive,100,36.38217984951402,-6.161605994668663
Sevilla,Positive,50,37.1869291,-5.7881244
Cadiz,Positive,50,36.4284013,-6.1431131
Badajoz,StrongPositive,100,38.9579205,-5.871332
Huelva,StrongPositive,100,37.2055449,-7.2188583
Cadiz,Positive,50,36.1287032,-5.4510368
Huelva,Positive,50,37.2055486,-7.2188716
Cadiz,Positive,50,36.38222033184784,-6.16163664805895
Barcelona,Positive,50,41.62871,2.2951762
Barcelona,Positive,50,41.6287108,2.2951353
Malaga,Positive,50,36.7144519,-4.4281091
Granada,Positive,50,37.3032924,-3.1364048
Madrid,Positive,50,40.48495353920523,-3.7219200077581407
Tarragona,Positive,50,40.6191622,0.5889227
Huelva,Positive,50,37.33480276910209,-6.541624925362761
Las Palmas,Positive,50,27.9080478,-15.4072709
Granada,StrongPositive,100,37.303283,-3.1364041
Granada,StrongPositive,100,37.29820413675118,-3.1293753805199698
Toledo,Positive,50,39.881457,-3.9709192
Toledo,Positive,50,39.9661103,-4.8267351
Zaragoza,Positive,50,41.3066517,-0.7528905
Santa Cruz de Tenerife,StrongPositive,100,28.3847822,-16.5843453
Badajoz,Positive,50,38.906783039080096,-6.6102879643447645
Granada,StrongPositive,100,37.29825054676602,-3.129355248635634
Huelva,Positive,50,37.44654911362833,-7.104327735820646
Huelva,Positive,50,37.44654911362833,-7.104327735820646
Murcia,Positive,50,37.6688701,-1.7022333
Sevilla,Positive,50,37.46667097329818,-5.6488504257190115
Asturias,Positive,50,43.5375564,-5.6625623
Córdoba,Positive,50,37.6669316,-4.7245474
Sevilla,StrongPositive,100,37.3801644,-6.0030772
Barcelona,Positive,50,41.62750450504562,2.29498851980689
Granada,Positive,50,37.1985196,-3.6151471
Madrid,StrongPositive,100,40.6212966,-4.0096544
Navarra,Positive,50,42.8214692,-1.5827782
Badajoz,Positive,50,38.8694991,-6.9863221
Badajoz,StrongPositive,100,38.90669919913306,-6.610367672478904
Zaragoza,Positive,50,41.6621491,-0.8745378
Sevilla,StrongPositive,100,37.3930135,-5.9977175
Cadiz,Positive,50,36.4407257,-6.1426389
Madrid,StrongPositive,100,40.7921867,-3.6013794
Cantabria,Positive,50,43.3694424,-3.2183884
Sevilla,StrongPositive,100,37.3993867,-5.9840288
Valencia,Positive,50,39.420466576016416,-0.4870768199632289
Barcelona,StrongPositive,100,41.62751049263654,2.2950190495892757
Castell,Positive,50,40.052338,0.0596987
Córdoba,Positive,50,37.6669338,-4.7245301
Zaragoza,Positive,50,41.6459333,-0.9087826
Santa Cruz de Tenerife,Positive,50,28.055425068581144,-16.62066202163341
Santa Cruz de Tenerife,Positive,50,28.4519072,-16.3665676
Madrid,StrongPositive,100,40.5400853,-3.6357444
Huelva,Positive,50,37.4173915,-6.4039535
Toledo,Positive,50,39.88135844007123,-3.9710530266202717
Barcelona,Positive,50,41.6276025,2.294898
La Corua,Positive,50,43.318762,-8.2967465
Barcelona,Positive,50,41.627468912609594,2.2949933401008966
Huelva,Positive,50,37.4173839,-6.4038973
Castell,Positive,50,39.8945716,-0.1096331
Huelva,Positive,50,37.446470808495526,-7.104394846094709
Tarragona,Positive,50,41.195078,1.6179919
Sevilla,StrongPositive,100,37.4309115,-5.9259995
Murcia,Positive,50,38.24077355423176,-1.425268194382935
Badajoz,Positive,50,38.24093713631489,-6.018808155273724
Madrid,StrongPositive,100,40.47001647949217,-3.616867065429686
Córdoba,Positive,50,38.016464,-4.3792459
Ciudad Real,Positive,50,38.7369145,-3.0186353
Huelva,Positive,50,37.278285526652276,-6.937807883492202
Cadiz,Positive,50,36.1385245,-5.4563194
Sevilla,Positive,50,36.9280561,-6.0857668
Castell,Positive,50,39.9932219,-0.0347493
Cadiz,Positive,50,36.38212665224008,-6.161620454025207
Barcelona,Positive,50,41.62753651528576,2.2950871275845555
Madrid,StrongPositive,100,40.4489688,-3.4710861
Malaga,StrongPositive,100,36.7001242,-4.4449606
Castell,Positive,50,39.9931961,-0.0347388
Madrid,Positive,50,40.55147010181293,-3.895504597797525
Barcelona,Positive,50,41.6274545,2.2949996
Castell,Positive,50,39.89454639325639,-0.10975309146846869
Granada,Positive,50,36.764389243942595,-3.72000941075731
Valencia,Positive,50,38.988940270735,-0.5296046581859704
Sevilla,StrongPositive,100,37.3940348,-5.9208736
Madrid,StrongPositive,100,40.7440876,-3.5105937
Valencia,Positive,50,39.40540291768816,-0.4060462434143529
Madrid,StrongPositive,100,40.4880041,-3.8750225
Barcelona,Positive,50,41.283454478009894,1.722063024781457
Zaragoza,Positive,50,41.6621204,-0.8745346
Madrid,StrongPositive,100,40.39792,-3.6978722
Granada,StrongPositive,100,37.2980084,-3.1298955
Barcelona,Positive,50,41.62775952,2.29530357
Sevilla,StrongPositive,100,37.4666591,-5.6487153
Asturias,StrongPositive,100,43.3682405,-5.8223254
Valencia,Positive,50,39.45010960422907,-0.39257317934694447
Madrid,Positive,50,40.9971031,-3.6375203
Barcelona,Positive,50,41.62755688239282,2.2950881027645593
Sevilla,StrongPositive,100,37.4207093,-6.1204606
Badajoz,StrongPositive,100,38.90678852523873,-6.61029279497459
Zaragoza,Positive,50,41.6138467,-0.704147
Badajoz,Positive,50,38.90677788815899,-6.610293177742869
Sevilla,StrongPositive,100,37.3285264,-5.8536166
Granada,Positive,50,37.1984233,-3.6151583
Huelva,Positive,50,37.4173872,-6.4039054
Malaga,Positive,50,36.5171763,-4.8892275
Zaragoza,Positive,50,41.6120612,-0.7019034
Madrid,StrongPositive,100,40.4338482,-3.7087674
Barcelona,Positive,50,41.627521022983736,2.295059736030423
Madrid,StrongPositive,100,40.6752089,-3.6223475
Barcelona,Positive,50,41.62753106272096,2.295092564424557
Huelva,Positive,50,37.4173822,-6.4038966
Cadiz,Positive,50,36.5951227,-6.2412116
Malaga,Positive,50,36.638728,-4.4892794
Alicante,StrongPositive,100,38.6376029,-0.8704419
Sevilla,StrongPositive,100,37.38310716728409,-5.949835650465193
Zamora,Positive,50,41.5221284,-5.3889996
Granada,StrongPositive,100,37.1979814,-3.6199645
Barcelona,StrongPositive,100,41.345974,1.7023585
Badajoz,Positive,50,38.906778960861935,-6.610283754705841
Huelva,Positive,50,37.44644209435329,-7.104483390767956
Huelva,Positive,50,37.4173842,-6.4038998
Alicante,StrongPositive,100,38.6376237,-0.8704292
Granada,Positive,50,37.2980185,-3.1298898
Valencia,Positive,50,39.5382956,-0.3488399
Huelva,StrongPositive,100,37.2116799,-7.4044644
Granada,Positive,50,36.74863816729321,-3.518788087684977
Barcelona,Positive,50,41.6276082,2.2948739
Madrid,StrongPositive,100,40.4588704,-3.7044563
Barcelona,Positive,50,41.62750131100718,2.295013627505397
Badajoz,Positive,50,38.9579071,-5.8713317
Madrid,Positive,50,40.7356408,-3.9469874
Huelva,Positive,50,37.41741056,-6.40389569
Barcelona,Positive,50,41.62751995236607,2.29497007519265
Valencia,Positive,50,39.40536388311367,-0.40603406555978105
Córdoba,Positive,50,37.5200113,-4.6567747
Madrid,StrongPositive,100,40.4547694,-3.4561233
A Coruña,StrongPositive,100,43.2082473,-8.6887532
Huelva,StrongPositive,100,37.8982201,-6.5687137
Granada,Positive,50,37.1985016,-3.6151315
Cadiz,StrongPositive,100,36.6991627,-6.1237947
Alicante,Positive,50,38.1906494,-0.5499239
Madrid,StrongPositive,100,40.325340157730636,-3.7653094667915803
Córdoba,Positive,50,37.8936235,-4.7970295
Santa Cruz de Tenerife,Positive,50,28.4519139,-16.3665719
Cadiz,StrongPositive,100,36.5983358,-6.2363865
Madrid,Positive,50,40.3992985,-3.7740633
Malaga,StrongPositive,100,36.8822451,-4.8441217
Cadiz,StrongPositive,100,36.7062639,-6.1241438
Madrid,StrongPositive,100,40.2739652,-3.9084355
Huesca,StrongPositive,100,42.126826218158634,-0.4048169259646619
Madrid,Positive,50,40.4545446,-3.8755163
Valencia,Positive,50,38.98895318803743,-0.5295211045845937
Malaga,Positive,50,36.69401,-4.4430594
Sevilla,Positive,50,36.921437641795805,-6.071250139550739
Castell,Positive,50,39.89449900058376,-0.10978432247887299
Vizcaya,Positive,50,43.3528984,-2.8397778
Santa Cruz de Tenerife,Positive,50,28.4558438,-16.4515075
Madrid,Positive,50,40.5674267,-3.5027027
Badajoz,Positive,50,38.927552852366595,-6.34792071880601
Illes Balears,Positive,50,38.9063276,1.4236385
Murcia,Positive,50,38.105813,-1.8589705
Barcelona,Positive,50,41.627530466986784,2.2950179104651474
Santa Cruz de Tenerife,Positive,50,28.0553691443772,-16.620474839119698
Almeria,Positive,50,36.80184538,-2.69518026
La Corua,StrongPositive,100,43.3470265,-8.2479197
Huelva,Positive,50,37.4173818,-6.4039036
Córdoba,StrongPositive,100,37.8882212,-4.7626886
Cadiz,Positive,50,36.4284094,-6.1431014
Madrid,StrongPositive,100,40.4624087,-3.4765866
Tarragona,Positive,50,40.6191316,0.5889256
Valencia,Positive,50,38.9889666,-0.5295363
Barcelona,Positive,50,41.6274424,2.2951023
Cadiz,Positive,50,36.44088695431916,-6.142650919038256
Barcelona,Positive,50,41.627532706419416,2.295046619343988
Madrid,Positive,50,40.3838141,-3.6625662
Sevilla,StrongPositive,100,37.4309246,-5.9260166
Valencia,Positive,50,39.5658872,-0.5280925
Barcelona,Positive,50,41.62775952,2.29530357
Cadiz,StrongPositive,100,36.6001542,-6.2474224
Murcia,Positive,50,37.9892558,-1.1270595
Cadiz,Positive,50,36.44084164626469,-6.1425928302465085
Huelva,Positive,50,37.33478907453809,-6.541589592364902
Santa Cruz de Tenerife,Positive,50,28.4519097,-16.366586
Sevilla,StrongPositive,100,36.9214412802509,-6.071299813906576
Castell,Positive,50,39.9932059,-0.0347658
Granada,StrongPositive,100,37.2980492,-3.1297812
Madrid,StrongPositive,100,40.5445129,-3.6429069
Huelva,StrongPositive,100,37.2782799,-6.9378412
Madrid,StrongPositive,100,40.4576312,-3.7022354
Sevilla,StrongPositive,100,37.3030933,-6.3026535
Córdoba,Positive,50,37.580853382047756,-4.748235425986384
Huelva,StrongPositive,100,37.334816235968084,-6.541583311570953
Cadiz,Positive,50,36.1385098,-5.4562874
Huelva,StrongPositive,100,37.2592221,-6.9460506
Santa Cruz de Tenerife,StrongPositive,100,28.4625347,-16.2533181
Cadiz,Positive,50,36.420762819834785,-6.139546330290701
Toledo,Positive,50,39.9611690954186,-4.836821692390211
Huelva,Positive,50,37.41740192,-6.40382457
Santa Cruz de Tenerife,Positive,50,28.4519298,-16.3665733
Huelva,StrongPositive,100,37.8933091,-6.5621898
A Coruña,StrongPositive,100,43.2837321,-8.2079381
Madrid,StrongPositive,100,40.4701416,-3.6166781
Huelva,StrongPositive,100,37.2881452,-7.1434723
Castell,StrongPositive,100,39.8944086,-0.1098629
Asturias,StrongPositive,100,43.3629397,-5.8384078
Salamanca,Positive,50,40.96723903955018,-5.652786975677848
Barcelona,Positive,50,41.62760125806753,2.2950363374689533
Cadiz,StrongPositive,100,36.4284148,-6.1431019
Sevilla,StrongPositive,100,37.3788762,-6.0424906
A Coruña,StrongPositive,100,43.2800636,-8.2115196
Huesca,Positive,50,42.14742268435657,-0.40536610409617424
Sevilla,StrongPositive,100,37.3565531,-5.9857121
Alicante,Positive,50,38.641824316094244,-0.868670701390503
Sevilla,StrongPositive,100,37.383103990420686,-5.949870453697336
Huelva,Positive,50,37.417366,-6.40389147
Zaragoza,Positive,50,41.6171211,-0.8747148
Illes Balears,Positive,50,39.826124,3.1157974
Murcia,Positive,50,38.24077355423176,-1.425268194382935
Alicante,Positive,50,38.2705889,-0.6833565
Madrid,StrongPositive,100,40.4614519,-3.463665
Vizcaya,Positive,50,43.352904,-2.8397784
Córdoba,Positive,50,37.6669332,-4.7245432
Cadiz,Positive,50,36.5951351,-6.2412258
Madrid,Positive,50,40.50375,-3.8918191
Sevilla,StrongPositive,100,37.4045608,-5.962169
Huelva,Positive,50,37.4173738,-6.4038962
Guadalajara,StrongPositive,100,40.6684913,-3.1974939
Huelva,Positive,50,37.4173765,-6.4039001
Madrid,Positive,50,40.7436573,-3.6055836
Barcelona,Positive,50,41.62754295177468,2.294974071723375
Barcelona,Positive,50,41.63030333333333,2.28971
Madrid,StrongPositive,100,40.4601676,-3.4396286
Barcelona,Positive,50,41.627573241547005,2.295074362831228
Castell,Positive,50,39.9932592,-0.034549
Badajoz,Positive,50,38.90677788815899,-6.610293177742869
Sevilla,StrongPositive,100,37.3822911,-5.9835416
Malaga,StrongPositive,100,36.8822598,-4.8440675
Murcia,Positive,50,37.6178756,-0.8766497
Santa Cruz de Tenerife,Positive,50,28.4558538,-16.4515066
Sevilla,Positive,50,37.6753636,-5.9897834
La Corua,Positive,50,43.3187581,-8.2967444
La Rioja,Positive,50,42.4534095,-2.4631156
Sevilla,Positive,50,37.2869177,-6.0511902
Zaragoza,Positive,50,41.61723505668126,-0.874554881115839
Granada,StrongPositive,100,37.2980269,-3.1297892
Madrid,StrongPositive,100,40.4535044,-3.7098754
Asturias,StrongPositive,100,43.364347,-5.8339389
Madrid,StrongPositive,100,40.4577075,-3.446169
Zaragoza,Positive,50,41.6480878,-0.9180293
Illes Balears,StrongPositive,100,39.574277,3.2125767
Asturias,StrongPositive,100,43.2746519,-5.6024036
Sevilla,StrongPositive,100,37.3826922,-5.7245086
Sevilla,StrongPositive,100,37.3832285,-6.0064518
Sevilla,StrongPositive,100,37.3826768,-6.1218433
Santa Cruz de Tenerife,Positive,50,28.055347055152502,-16.620454509645676
Huelva,StrongPositive,100,37.2055812,-7.2187598
Huelva,Positive,50,37.4173865,-6.4039049
Granada,Positive,50,37.1984803,-3.6151118
Barcelona,Positive,50,41.62749443631065,2.2948555929878647
Santa Cruz de Tenerife,Positive,50,28.055434478214583,-16.62050634716212
Valencia,Positive,50,38.916484446839355,-0.5549905210244651
Santa Cruz de Tenerife,Positive,50,28.4519337,-16.3665779
Barcelona,Positive,50,41.627494705639826,2.294944694117472
Murcia,Positive,50,37.9889264,-1.1273159
Huelva,Positive,50,37.4173968,-6.4038818
Asturias,StrongPositive,100,43.3682618,-5.8223152
Barcelona,Positive,50,41.62775952,2.29530357
Murcia,Positive,50,37.989252,-1.1270535
Malaga,StrongPositive,100,36.7476683,-5.1599779
A Coruña,StrongPositive,100,43.2424219,-8.9005646
Cadiz,Positive,50,36.38212133424984,-6.161622279330007
Asturias,StrongPositive,100,43.5375253,-5.6637076
Cadiz,StrongPositive,100,36.5790126,-6.223931
Granada,StrongPositive,100,37.29805,-3.1297876
Cadiz,Positive,50,36.382250470078525,-6.161640804911024
Toledo,StrongPositive,100,40.076468,-3.8553791
Huelva,Positive,50,37.278154720036405,-6.937756174056006
Sevilla,Positive,50,37.2867875,-6.0513308
Huelva,StrongPositive,100,37.2881346,-7.1434995
Barcelona,Positive,50,41.62752603652928,2.2951074340955686
Huelva,Positive,50,37.446460509709276,-7.104423062751606
Córdoba,Positive,50,38.3778292,-4.8460401
Sevilla,StrongPositive,100,37.4666652,-5.6487052
Sevilla,StrongPositive,100,37.3497633,-5.9856369
Alicante,Positive,50,38.2706065,-0.6833649
Cadiz,StrongPositive,100,36.13864887215691,-5.45616385775003
Barcelona,Positive,50,41.627526982867224,2.295011919827912
Badajoz,Positive,50,38.240920137986926,-6.018734952984442
Barcelona,Positive,50,41.4659261,1.823275
Córdoba,Positive,50,38.0164685,-4.3792574
Murcia,Positive,50,37.56355471016319,-1.261399044922148
Cantabria,Positive,50,43.389837976324394,-4.027577655579947
Cadiz,StrongPositive,100,36.1647211,-5.3475235
Granada,StrongPositive,100,37.185643,-3.6024524
Madrid,StrongPositive,100,40.4913693,-3.8648273
Barcelona,Positive,50,41.62754117429997,2.295003892305449
Vizcaya,Positive,50,43.2696195,-2.9502578
Huelva,Positive,50,37.44646466599116,-7.1044559470008
Cadiz,StrongPositive,100,36.1286982,-5.4510424
Sevilla,Positive,50,37.3566394,-6.0280541
Cadiz,StrongPositive,100,36.5955661,-6.2434603
Cadiz,StrongPositive,100,36.8623939,-5.646811
Sevilla,StrongPositive,100,37.3734646,-5.952797
Sevilla,StrongPositive,100,37.3778618,-5.974157
Sevilla,Positive,50,37.675363,-5.9897868
Santa Cruz de Tenerife,Positive,50,28.4519198,-16.366592
Badajoz,StrongPositive,100,38.870847172004446,-6.969155150285175
Madrid,StrongPositive,100,40.4312429,-3.7011539
Barcelona,Positive,50,41.62755950313626,2.2950288660854876
Soria,Positive,50,41.50459214882231,-2.5663371502187435
Badajoz,Positive,50,38.92750967989206,-6.347863720849056
Madrid,Positive,50,40.7356629,-3.9469852
Barcelona,Positive,50,41.62751713574207,2.294919773422362
Sevilla,StrongPositive,100,37.3819066,-5.9333117
Malaga,Positive,50,36.75093665343454,-3.8729805874705505
Barcelona,Positive,50,41.62758331219694,2.2950363185949847
Barcelona,Positive,50,41.6275308075047,2.295002304287325
Cadiz,Positive,50,36.4407084,-6.142632
Cantabria,Positive,50,43.38984760857034,-4.027569449731928
Sevilla,StrongPositive,100,37.3541951,-6.0536982
Cadiz,Positive,50,36.42850127389005,-6.14337337226164
Tarragona,Positive,50,40.6222302,0.5936759
Castell,Positive,50,39.99090934291222,-0.06101600880008181
A Coruña,StrongPositive,100,43.354676942964645,-8.254266988963682
Huesca,StrongPositive,100,42.12679506025829,-0.40481106401095845
Sevilla,StrongPositive,100,37.0683869,-5.0964768
Cadiz,Positive,50,36.440774556271656,-6.1425730585756835
Zaragoza,Positive,50,41.6621356,-0.8745579
Madrid,StrongPositive,100,40.7849622,-3.7015868
Madrid,StrongPositive,100,40.2924,-4.0119495
Cadiz,StrongPositive,100,36.4489466,-6.2116505
Murcia,Positive,50,38.1058168,-1.8589858
Madrid,StrongPositive,100,40.6101162,-3.5829647
Barcelona,Positive,50,41.62749729202996,2.2948204357496222
Malaga,StrongPositive,100,36.6387995,-4.4892859
Madrid,StrongPositive,100,40.4237495,-3.7014548
Madrid,StrongPositive,100,40.4850004,-3.7219479
Malaga,Positive,50,36.517152,-4.8892363
Huelva,Positive,50,37.4173695,-6.4039267
Tarragona,Positive,50,40.6221874,0.5937181
Sevilla,StrongPositive,100,37.3781474,-5.9993386
Huelva,Positive,50,37.4173904,-6.4038937
Barcelona,Positive,50,41.62754191966379,2.2949665420879426
Alicante,Positive,50,38.2706074,-0.6833483
Cadiz,Positive,50,36.1385234,-5.4562591
Sevilla,Positive,50,37.3129596,-6.103738
Cadiz,StrongPositive,100,36.5222169,-6.2272823
Cadiz,Positive,50,36.6677553,-6.1392758
Sevilla,StrongPositive,100,37.3463125,-6.0606627
Badajoz,StrongPositive,100,38.682017,-6.4064315
Granada,Positive,50,37.2979994,-3.1297883
Badajoz,Positive,50,38.92766877555857,-6.347885241332148
Barcelona,Positive,50,41.6275535944403,2.2950022732737723
Alicante,Positive,50,38.2705936,-0.6833633
Malaga,Positive,50,36.694031,-4.4430433
Huelva,Positive,50,37.2881406,-7.1434836
Sevilla,StrongPositive,100,37.3858945,-5.9797214
Cadiz,StrongPositive,100,36.5991072,-6.2444245
Sevilla,StrongPositive,100,37.3805116,-5.9783293
Madrid,StrongPositive,100,40.4286571,-3.7026845
Vizcaya,Positive,50,43.3529097,-2.8397993
Badajoz,Positive,50,38.906784285279905,-6.6102832637396425
Madrid,Positive,50,40.035508039518916,-3.595236799860157
Sevilla,StrongPositive,100,37.401456,-5.9374102
Malaga,Positive,50,36.6939567,-4.4431252
Zaragoza,Positive,50,41.6480251,-0.9181749
Valencia,Positive,50,38.9889725,-0.529546
Barcelona,Positive,50,41.62753455367513,2.2949836431451267
Cadiz,Positive,50,36.440760469676206,-6.142554421359752
Barcelona,Positive,50,41.62757684716863,2.2950760058965884
Castell,StrongPositive,100,39.9932375,-0.0347861
Granada,Positive,50,37.1984205,-3.6151673
Sevilla,Positive,50,37.1868985,-5.7881644
Alicante,StrongPositive,100,38.6416829,-0.8687971
Huelva,StrongPositive,100,37.275282,-6.9914042
Murcia,Positive,50,37.9892245,-1.1271158
Malaga,Positive,50,36.659205510134576,-4.506030666145222
Huelva,Positive,50,37.41736431,-6.40382846
Asturias,Positive,50,43.2746511,-5.6023971
Tarragona,Positive,50,40.6222457,0.5936936
Granada,StrongPositive,100,37.2980307,-3.1298607
Badajoz,StrongPositive,100,38.906774203463726,-6.610291931151391
Malaga,StrongPositive,100,36.5305066,-4.8723188
La Corua,StrongPositive,100,43.3062312,-8.2326741
Barcelona,Positive,50,41.6276264,2.2947037
Malaga,StrongPositive,100,37.0239873,-4.5738909
Córdoba,StrongPositive,100,37.54851536363147,-4.766767965634135
Cadiz,Positive,50,36.4284004,-6.1431017
Badajoz,Positive,50,38.39703063394438,-6.40200012543916
Sevilla,StrongPositive,100,37.3855599,-5.9076737
Santa Cruz de Tenerife,StrongPositive,100,28.3303558,-16.3678111
Valencia,Positive,50,39.57919011857771,-0.5333065731719456
Santa Cruz de Tenerife,Positive,50,28.055370864330396,-16.620481902314214
Madrid,StrongPositive,100,40.5642697,-3.6118408
Illes Balears,StrongPositive,100,39.7188066,2.9060853
Badajoz,Positive,50,38.906776937216655,-6.610265571275343
Alicante,Positive,50,38.6376056,-0.8704663
Cadiz,Positive,50,36.4284141,-6.1431267
Sevilla,StrongPositive,100,37.3026588,-6.2987027
Huelva,StrongPositive,100,37.44644164999998,-7.104422559999997
Cadiz,Positive,50,36.38211408596768,-6.161617440922742
Madrid,StrongPositive,100,40.5041453,-3.5067487
Sevilla,Positive,50,37.4023171,-5.92386
Malaga,Positive,50,36.9774862,-4.8951981
Barcelona,Positive,50,41.627529,2.2949984
Huelva,Positive,50,37.417387,-6.4038782
Huelva,StrongPositive,100,37.32884611777265,-6.542115407858223
Córdoba,StrongPositive,100,37.4380142,-4.1932893
Barcelona,StrongPositive,100,41.6275275,2.2950904
Cadiz,StrongPositive,100,36.38212665224008,-6.161620454025207
Granada,Positive,50,37.1984637,-3.6151332
Barcelona,Positive,50,41.3458375,1.7024098
Zaragoza,StrongPositive,100,41.6120601,-0.7019099
Zaragoza,StrongPositive,100,41.6494949,-0.9037619
Cadiz,StrongPositive,100,36.38215413727266,-6.161667866234316
Sevilla,StrongPositive,100,37.4019327,-5.9219773
Illes Balears,StrongPositive,100,38.9063641,1.4236084
